﻿<content xml:space="preserve">

  <!-- note text -->
  <item id="notDocumentedText">This API is not documented.</item>
  <item id="preliminaryText">This API is preliminary and subject to change.</item>

  <!-- topic titles -->
  <item id="tocTitle">{0}</item>
  <item id="rlTitle">{0} ({1})</item>
  <item id="rootTopicTitle">Пространства имен</item>
	<item id="namespaceTopicTitle">{0} - пространство имен</item>
	<item id="classTopicTitle">{0} - класс</item>
	<item id="structureTopicTitle">{0} - запись</item>
	<item id="interfaceTopicTitle">{0} - интерфейс</item>
	<item id="DerivedTypeListTopicTitle">{0} - классы-наследники</item>
  
	<item id="delegateTopicTitle">{0} - делегат</item>
	<item id="enumerationTopicTitle">{0} - перечисление</item>
	<item id="fieldTopicTitle">{0} - поле</item>
	<item id="methodTopicTitle">{0} - метод {1}</item>
	<item id="constructorTopicTitle">{0} - конструктор {1}</item>
	<item id="propertyTopicTitle">{0} - свойство {1}</item>
	<item id="eventTopicTitle">{0} - событие</item>
  
  <!-- title for operator members -->
	<item id="operatorTopicTitle">{0} - оператор {1}</item>

  <!-- title for op_explicit and op_implicit members -->
  <item id="typeConversionTopicTitle">{0} Conversion {1}</item>
  <!-- title for overload op_explicit and op_implicit topics -->
  <item id="conversionOperatorTopicTitle">{0} Conversion Operators</item>
      
	<item id="attachedPropertyTopicTitle">{0} Attached Property</item>
	<item id="attachedEventTopicTitle">{0} Attached Event</item>

  <item id="generic"> обобщенный</item>
  <item id="generic_classTopicTitle">{0} - обобщенный класс</item>
  <item id="generic_structureTopicTitle">{0} - обобщенная запись</item>
  <item id="generic_interfaceTopicTitle">{0} - обобщенный интерфейс</item>
  <item id="generic_delegateTopicTitle">{0} - обобщенный делегат</item>
  <item id="generic_methodTopicTitle">{0} обобщенный метод {1}</item>
  
	<!-- list topic titles -->
	<item id="FieldsTopicTitle">{0} - поля</item>
	<item id="MethodsTopicTitle">{0} - методы</item>
  
  <!-- title for operator list topic that has [operators + no type conversions] -->
  <item id="OperatorsTopicTitle">{0} - операторы</item>
  <!-- title for operator list topic that has [operators + type conversions] -->
  <item id="OperatorsAndTypeConversionsTopicTitle">{0} Operators and Type Conversions</item>
  <!-- title for operator list topic that has [no operators + type conversions] -->
  <item id="TypeConversionsTopicTitle">{0} Type Conversions</item>
  
	<item id="ConstructorsTopicTitle">{0} - конструкторы</item>
	<item id="PropertiesTopicTitle">{0} - свойства</item>
	<item id="EventsTopicTitle">{0} - события</item>
	<item id="AttachedPropertiesTopicTitle">{0} Attached Properties</item>
  	<item id="AttachedEventsTopicTitle">{0} Attached Events</item>
	<item id="membersTopicTitle">Члены {0}</item>

	<!-- member titles -->
	<item id="enumMembersTitle">Члены</item>

	<!-- index entries -->
	<item id="rootIndexEntry">пространства имен</item>
  <item id="namespaceIndexEntry">{0} пространство имен</item>
  <item id="classIndexEntry">{0} класс</item>
	<item id="structureIndexEntry">{0} запись</item>
	<item id="interfaceIndexEntry">{0} интерфейс</item>
	<item id="delegateIndexEntry">{0} делегат</item>
	<item id="enumerationIndexEntry">{0} перечисление</item>
  <item id="enumerationMemberIndexEntry">{0} элемент перечисления</item>
  <item id="aboutTypeIndexEntry">{0}, о {0}</item>
  <item id="derivedTypesIndexEntry">{0}, унаследованные типы</item>
  <item id="membersIndexEntry">{0}, все члены</item>
  <item id="methodsIndexEntry">{0}, методы</item>
  <!-- index entry for operator list topic that has [operators + no type conversions] -->
  <item id="operatorsIndexEntry">{0}, операторы</item>
  <!-- index entry for operator list topic that has [operators + type conversions] -->
  <item id="operatorsAndTypeConversionsIndexEntry">{0}, операторы и преобразования типов</item>
  <!-- index entry for operator list topic that has [no operators + type conversions] -->
  <item id="typeConversionsIndexEntry">{0}, преобразования типов</item>
  <!-- index entries for op_explicit and op_implicit members -->
  <item id="conversionOperatorIndexEntry">{0} преобразование</item>
  <item id="propertiesIndexEntry">{0}, свойства</item>
  <item id="fieldsIndexEntry">{0}, поля</item>
  <item id="eventsIndexEntry">{0}, события</item>
  <item id="attachedPropertiesIndexEntry">{0}, attached properties</item>
  <item id="attachedEventsIndexEntry">{0}, attached events</item>
	<item id="constructorsIndexEntry">{0}, конструкторы</item>
	<item id="constructorIndexEntry">{0}, конструктор</item>
<item id="constructorTypeIndexEntry">{0} конструкторы</item>
  <item id="methodIndexEntry">{0} метод</item>
	<item id="propertyIndexEntry">{0} свойство</item>
	<item id="eventIndexEntry">{0} событие</item>
	<item id="fieldIndexEntry">{0} поле</item>
	<item id="operatorIndexEntry">{0} оператор</item>
	<item id="attachedPropertyIndexEntry">{0} attached property</item>
	<item id="attachedEventIndexEntry">{0} attached event</item>
	<item id="methodExplicitIndexEntry">{0} явно реализованный метод</item>
	<item id="propertyExplicitIndexEntry">{0} явно реализованное свойство</item>
	<item id="eventExplicitIndexEntry">{0} явно реализованное событие</item>
	<item id="fieldExplicitIndexEntry">{0} явно реализованное поле</item>
	
   <!-- index entries like: "FileClassifier class" or "Execute method" or "Microsoft.Build.Tasks.Windows.FileClassifier class"
       {0} is API's name, which is shortname in some cases, or FQName in others
       {1} is API's subgroup, e.g. 'class', 'method', etc.
  <item id="nameSubgroupIndexEntry">{0} <include item="{1}IndexEntry"/></item>
-->
  <!-- index entries like: "FileClassifier class, about FileClassifier class"
       {0} is API's name, which is shortname in some cases, or FQName in others
       {1} is API's subgroup, e.g. 'class', 'method', etc.
  <item id="aboutTypeIndexEntry">{0} <include item="{1}IndexEntry"/>, about {0} <include item="{1}IndexEntry"/></item>
  -->
  <!-- index entries like: "FileClassifier class, methods"
       {0} is type's name; 
       {1} is type's subgroup, e.g. 'class'; 
       {2} is the kind of list, e.g. 'AllMembers', 'Methods', etc.
  <item id="listTopicIndexEntry">{0} <include item="{1}IndexEntry"/>, <include item="{2}IndexEntry"/></item>
 -->
	<!-- main window stuff -->

	<!-- body -->

	<!-- section titles -->
	<item id="syntaxTitle">Синтаксис</item>
	<item id="templatesTitle">Шаблонные параметры</item>
	<item id="parametersTitle">Параметры</item>
	<item id="valueTitle">Значение</item>
	<item id="delegateValueTitle">Возвращамое значение</item>
	<item id="methodValueTitle">Возвращамое значение</item>
	<item id="propertyValueTitle">Тип свойства</item>
	<item id="fieldValueTitle">Тип поля</item>
  <item id="implementsTitle">Реализует</item>
	<item id="examplesTitle">Примеры</item>
	<item id="threadSafetyTitle">Потокобезопасность</item>
	<item id="permissionsTitle">Безопасность .NET Framework</item> 
	<item id="namespacesTitle">Пространства имен</item>
	<item id="typesTitle">Типы</item>
  <item id="allMembersTitle">Члены</item>
	<item id="membersTitle">Список перегрузки</item>
	<item id="familyTitle">Иерархия наследования</item>
	<item id="versionsTitle">Сведения о версии</item>
	<item id="platformsTitle">Платформы</item>
  <item id="relatedTitle">См. также</item>
  <item id="ExtensionUsageTitle">Заметки</item>
  <item id="ExtensionUsageText">In Visual Basic and C#, you can call this method as an instance method on any object of type {0}. When you use instance method syntax to call this method, omit the first parameter. For more information, see <conceptualLink target="b8020aae-374d-46a9-bcb7-8cc2390b93b6" /> or <conceptualLink target="175ce3ff-9bbf-4e64-8421-faeb81a0bb51" />.</item>

	<!-- table headers -->
	<item id="namespaceNameHeader">Пространство имен</item>
	<item id="namespaceDescriptionHeader">Описание</item>
	<item id="typeIconHeader"></item>
  <item id="classNameHeader">Класс</item>
  <item id="structureNameHeader">Запись</item>
  <item id="interfaceNameHeader">Интерфейс</item>
  <item id="delegateNameHeader">Делегат</item>
  <item id="enumerationNameHeader">Перечисление</item>
  
	<item id="typeNameHeader">Имя</item>
	<item id="typeDescriptionHeader">Описание</item>
	<item id="memberIconHeader"></item>
	<item id="memberNameHeader">Member name</item>
	<item id="memberDescriptionHeader">Описание</item>
	<item id="exceptionNameHeader">Исключение</item>
	<item id="exceptionConditionHeader">Условие</item>
	<item id="permissionNameHeader">Разрешения</item>
	<item id="permissionDescriptionHeader">Описание</item>

	<!-- filter control text -->
	<item id="allTypesFilterLabel">Все типы</item>
	<item id="classTypesFilterLabel">Классы</item>
	<item id="structureTypesFilterLabel">Записи</item>
	<item id="interfaceTypesFilterLabel">Интерфейсы</item>
	<item id="delegateTypesFilterLabel">Делегаты</item>
	<item id="enumerationTypesFilterLabel">Перечисления</item>
	<item id="allMembersFilterLabel">Все члены</item>
	<item id="constructorMembersFilterLabel">Конструкторы</item>
	<item id="methodMembersFilterLabel">Методы</item>
	<item id="propertyMembersFilterLabel">Свойства</item>
	<item id="fieldMembersFilterLabel">Поля</item>
	<item id="eventMembersFilterLabel">События</item>
	<item id="publicMembersFilterLabel">Публичные</item>
	<item id="protectedMembersFilterLabel">Защищенные</item>
	<item id="instanceMembersFilterLabel">Экземплярные</item>
	<item id="staticMembersFilterLabel">Статические</item>
	<item id="declaredMembersFilterLabel">Declared</item>
	<item id="inheritedMembersFilterLabel">Унаследованные</item>
  
  <!-- member list table headings -->
  <item id="constructorTable">Конструкторы</item>
  <item id="methodTable">Методы</item>
  <item id="operatorTable">Операторы</item>
  <item id="fieldTable">Поля</item>
  <item id="propertyTable">Свойства</item>
  <item id="eventTable">События</item>
  <item id="attachedEventTable">Attached Events</item>
  <item id="attachedPropertyTable">Attached Properties</item>
  <item id="ExplicitInterfaceImplementationTable">Explicit&#160;Interface&#160;Implementations</item>
	<item id="overloadMembersTable">Список перегрузки</item>
  <item id="extensionMethodTable">Методы расширения</item>

  <!-- Thread Safety -->
  <item id="ThreadSafety">Потокобезопасность</item>
  <item id="ThreadSafetyBP">Any public <include item="staticKeyword"/>  members of this type are thread safe. Any instance members are not guaranteed to be thread safe.</item>
  
  <item id="NotesForImplementers">Notes to Implementers</item>
  <item id="NotesForCallers">Notes to Callers</item>
  <item id="NotesForInheritors">Notes to Inheritors</item>

  <!-- Used for Platform Notes -->
  <item id="PlatformNote">
	  <b>{0} Platform Note:</b> {1}
  </item>
 	<item id="Win95">Windows 95</item>
	<item id="Win98Se">Windows 98 Second Edition</item>
	
	<item id="WinNT4">Windows NT 4.0</item>
	<item id="WinNT4Svr">Windows NT Server 4.0</item>
	<item id="WinNT4Wks">Windows NT Workstation 4.0</item>
	
	<item id="Win2kFamily">Windows 2000</item>
	<item id="Win2kProfessional">Windows 2000 Professional</item>
	<item id="Win2kServer">Windows 2000 Server</item>
	<item id="Win2kDatacenter">Windows 2000 Advanced Server</item>
	
	<item id="WinXPPersonal">Windows XP Home Edition</item>
	<item id="WinXPPro">Windows XP Professional x64 Edition</item>
	<item id="WinXPSvr"><include item="WinSvr2003"/></item>
	<item id="WinXpTablet">Windows XP Tablet PC Edition</item>
	<item id="WinXpEmbedded">Windows XP Embedded</item>
	
	<item id="ECMACLI">Common Language Infrastructure (CLI) Standard</item>
	
	<item id="MSTV">Microsoft TV</item>
		
	<item id="Win9xFamily"><include item="Win95"/>, <include item="Win98"/>, <include item="Win98Se"/>, <include item="WinME"/></item>
	<item id="WinNt4Family"><include item="WinNT4"/></item>
	<item id="WinXpFamily"><include item="WinXPPersonal"/>, <include item="WinXPPro"/>, <include item="WinXPSvr"/></item>
	<item id="WinCE"><include item="WindowsCE"/></item>
	<item id="Win2K"><include item="WinSvr2000"/></item>
	<item id="Win2KSvr"><include item="Win2kServer"/></item>
	<item id="Win2KADC"><include item="Win2kDatacenter"/></item>
	
	<item id="WinNt4Server"><include item="WinNT4Svr"/></item>
	<item id="WinNt4Workstation"><include item="WinNT4Wks"/></item>
	<item id="Win2kAdvanced"><include item="Win2kDatacenter"/></item>
	<item id="Win2kServerApplianceKit"></item>
	<item id="WinXpHome"><include item="WinXPPersonal"/></item>
	<item id="WinXpProfessional"><include item="WinXPPro"/></item>
	<item id="Win2003Server"><include item="WinXPSvr"/></item>
	<item id="NETCF"><include item="PocketPC"/>, <include item="SmartPhone"/>, <include item="WindowsCE"/></item>
  
  <item id="XNA"><include item="Xbox360"/>, <include item="Zune" /></item>
	<!-- Platform Notes -->

  <item id="Platforms">Platforms</item>
  <!-- Platforms Information --> 
  <item id="SystemRequirementsLinkBoilerplate">
	  <p/>
	  <span>
		  The <include item="netfw"/> and <include item="netcfw"/> do not support all versions of every platform. For a list of the supported versions, see <conceptualLink target="298275e2-da1d-4618-9f74-6a3567832350"/>.
	  </span>
  </item>

	<!-- inserted boilerplate -->
	<item id="runningHeaderText">Библиотека классов .NET Framework</item>
	<item id="rootLink"><referenceLink target="R:Project">Namespaces</referenceLink></item>
	<item id="obsoleteShort"><span class="obsolete">Устарел.</span></item>
	<item id="obsoleteLong"><span class="obsolete">Этот API устарел</span></item>
	<item id="nonobsoleteAlternative">The non-obsolete alternative is {0}.</item>
  <item id="obsoleteRed"><font color="red"><b>Устарел. </b></font></item>
  <item id="ObsoleteBoilerPlate">
    <font color="red"><b>Устарел</b></font>
  </item>
  <item id="definedBy">(Определен в {0}.)</item>
	<item id="inheritedFrom">(Унаследован от {0}.)</item>
	<item id="overridesMember">(Переопределяет {0}.)</item>
	<item id="locationInformation">Сборка: {0} (Модуль: {1})</item>
  <item id="hostProtectionAttributeShort">HostProtectionAttribute. </item>
	<item id="hostProtectionAttributeLong">The <referenceLink target="T:System.Security.Permissions.HostProtectionAttribute" prefer-overload="true" /> attribute applied to this type or member has the following <referenceLink target="P:System.Security.Permissions.HostProtectionAttribute.Resources" prefer-overload="true" /> property value: {1}. The <referenceLink target="T:System.Security.Permissions.HostProtectionAttribute" prefer-overload="true" /> does not affect desktop applications (which are typically started by double-clicking an icon, typing a command, or entering a URL in a browser). For more information, see the <referenceLink target="T:System.Security.Permissions.HostProtectionAttribute" prefer-overload="true" /> class or <conceptualLink target="7dfa36b4-e773-4c75-a3ff-ff1af3ce4c4f" />.</item>
  <item id="classLower">класс</item>
  <item id="delegateLower">делегат</item>
  <item id="structureLower">структура</item>
  <item id="interfaceLower">интерфейс</item>
  <item id="enumerationLower">перечисление</item>
  <!-- thread safety boilerplate -->
  <item id="staticThreadSafe">Static members of this type are safe for multi-threaded operations. </item>
  <item id="staticNotThreadSafe">Static members of this type are not safe for multi-threaded operations. </item>
  <item id="instanceThreadSafe">Instance members of this type are safe for multi-threaded operations. </item>
  <item id="instanceNotThreadSafe">Instance members of this type are not safe for multi-threaded operations. </item>

	<!-- alt text for images -->
	<item id="pubClassAltText">Public class</item>
	<item id="pubStructureAltText">Public structure</item>
	<item id="pubInterfaceAltText">Public interface</item>
	<item id="pubDelegateAltText">Public delegate</item>
	<item id="pubEnumerationAltText">Public enumeration</item>
	<item id="protClassAltText">Protected class</item>
	<item id="protStructureAltText">Protected structure</item>
	<item id="protInterfaceAltText">Protected interface</item>
	<item id="protDelegateAltText">Protected delegate</item>
	<item id="protEnumerationAltText">Protected enumeration</item>
	<item id="privClassAltText">Private class</item>
	<item id="privStructureAltText">Private structure</item>
	<item id="privInterfaceAltText">Private interface</item>
	<item id="privDelegateAltText">Private delegate</item>
	<item id="privEnumerationAltText">Private enumeration</item>

	<item id="pubConstructorAltText">Public constructor</item>
	<item id="pubMethodAltText">Public method</item>
	<item id="pubFieldAltText">Public field</item>
	<item id="pubPropertyAltText">Public property</item>
	<item id="pubEventAltText">Public event</item>
	<item id="pubOperatorAltText">Public operator</item>
	<item id="pubAttachedPropertyAltText">Public attached property</item>
	<item id="pubAttachedEventAltText">Public attached event</item>
	<item id="protConstructorAltText">Protected constructor</item>
	<item id="protMethodAltText">Protected method</item>
	<item id="protFieldAltText">Protected field</item>
	<item id="protPropertyAltText">Protected property</item>
	<item id="protEventAltText">Protected event</item>
	<item id="protOperatorAltText">Protected operator</item>
	<item id="protAttachedPropertyAltText">Protected attached property</item>
	<item id="protAttachedEventAltText">Protected attached event</item>
	<item id="privConstructorAltText">Private constructor</item>
	<item id="privMethodAltText">Private method</item>
	<item id="privFieldAltText">Private field</item>
	<item id="privPropertyAltText">Private property</item>
	<item id="privEventAltText">Private event</item>
	<item id="privOperatorAltText">Private operator</item>
	<item id="privtAttachedPropertyAltText">Private attached property</item>
	<item id="privAttachedEventAltText">Private attached event</item>
	<item id="staticAltText">Static member</item>
	<item id="pubextensionAltText">Public Extension Method</item>
	<item id="protextensionAltText">Protected Extension Method</item>
	<item id="privextensionAltText">Private Extension Method</item>

  <!-- labels for links at the top of the All Members topic -->
  <item id="constructorGroup">Конструкторы</item>
  <item id="methodGroup">Методы</item>
  <item id="propertyGroup">Свойства</item>
  <item id="eventGroup">События</item>
  <item id="fieldGroup">Поля</item>
  <item id="operatorGroup">Операторы</item>
  <item id="attachedPropertyGroup">Attached Properties</item>
  <item id="attachedEventGroup">Attached Events</item>
  <item id="collapseAll">Свернуть все</item>
  <item id="expandAll">Развернуть все</item>

  <item id="Example">Пример</item>
  <item id="nonScrollingTypeLinkText"><include item="{1}SubGroup"/> {0}</item>
  <item id="SeeAlsoNamespaceLinkText">Пространство имен {0}</item>
  <item id="SeeAlsoTypeLinkText"><include item="{1}SubGroup"/> {0}</item>
  <item id="SeeAlsoMembersLinkText">Члены {0}</item>
   <item id="SeeAlsoOverloadLinkText">Список перегрузки {0}</item>
  
  <item id="classSubGroup">Класс</item>
  <item id="structureSubGroup">Запись</item>
  <item id="interfaceSubGroup">Интерфейс</item>
  <item id="delegateSubGroup">Делегат</item>
  <item id="enumerationSubGroup">Перечисление</item>

  <item id="memberOptionsShowAll">Члены: показать все</item>
  <item id="memberOptionsFiltered">Члены: отфильтрованные</item>
  <item id="memberOptionsPublic">Члены: только публичные</item>
  <item id="memberOptionsProtected">Члены: только защищенные</item>
  <item id="memberOptionsInherited">Члены: только унаследованные</item>
  <item id="memberOptionsDeclared">Члены: только объявленные в этом типе</item>
  <item id="includeDeclaredMembers">Включить объявленные в этом типе</item>
  <item id="includeInheritedMembers">Включить унаследованные члены</item>
  <item id="includePublicMembers">Включить публичные члены</item>
  <item id="includeProtectedMembers">Включить защищенные члены</item>
  
  <item id="IncludeNetfwMembers">Include .NET Framework Members</item>
  <item id="IncludeNetcfwMembers">Include .NET Compact Framework Members</item>
  <item id="IncludeXnafwMembers">Include XNA Framework Members</item>
  <item id="IncludeSilverlightMembers">Include <include item="silverlight" /> Members</item>
  <item id="IncludeSilverlight_mobileMembers">Include <include item="silverlight_mobile"/> Members</item>
  <item id="memberFrameworksShowAll">Frameworks: Show All</item>
  <item id="memberFrameworksMultiple">Frameworks: Multiple</item>
  <item id="memberFrameworksNetfw">Frameworks: <include item="netfw"/> Only</item>
  <item id="memberFrameworksNetcfw">Frameworks: <include item="netcfw"/> Only</item>
  <item id="memberFrameworksXnafw">Frameworks: <include item="xnafw"/> Only</item>
  <item id="memberFrameworksSilverlight">Frameworks: <include item="silverlight"/> Only</item>
  <item id="memberFrameworksSilverlight_mobile">Frameworks: <include item="silverlight_mobile"/> Only</item>

  <item id="requirementsNamespaceLayout">
    <b>Пространство имен:</b> 
  </item>

  <item id="requirementsPlatformsLayout">
    <b>Платформы:</b> {0}
  </item>

  <item id="requirementsAssembliesLabel">
    <b>Сборки:</b>
  </item>

  <item id="requirementsAssemblyLabel">
    <b>Сборка:</b>
  </item>

  <item id="assemblyNameAndModule">{0} (в {1}.{2})</item>

  <item id="requirementsAssemblyLayout">
    <b>Сборка:</b> {0} (в {1}.dll)
  </item>

  	<!-- Used for Version Information Section -->
  	<item id="supportedIn_1">Поддерживается в: {0}</item>
  	<item id="supportedIn_2">Поддерживается в: {0}, {1}</item>
  	<item id="supportedIn_3">Поддерживается в: {0}, {1}, {2}</item>
  	<item id="supportedIn_4">Поддерживается в: {0}, {1}, {2}, {3}</item>
  	<item id="supportedIn_5">Поддерживается в: {0}, {1}, {2}, {3}, {4}</item>
  	<item id="supportedIn_6">Поддерживается в: {0}, {1}, {2}, {3}, {4}, {5}</item>
  	<item id="supportedIn_7">Поддерживается в: {0}, {1}, {2}, {3}, {4}, {5}, {6}</item>
  	<item id="obsoleteWarning">Obsolete (compiler warning) in {0}</item>
  	<item id="obsoleteError">Obsolete (does not compile) in {0} and later</item>
  	
	<!-- APTCA Boilerplate text -->
	<item id="aptca">Full trust for the immediate caller. This member cannot be used by partially trusted code. For more information, see <conceptualLink target="dd66cd4c-b087-415f-9c3e-94e3a1835f74"/>.</item>
  
  <item id="ReturnValue">Return Value</item>
  <item id="PropertyValue">Property Value</item>
  <item id="FieldValue">Field Value</item>
 
  <item id="derivedClasses">Derived Classes</item>
  <item id="CompactFrameworkAltText">Supported by the .NET Compact Framework</item>
  <item id="XNAFrameworkAltText">Supported by the XNA Framework</item>
  <item id="SilverlightMobileAltText">Supported by <include item="silverlight_mobile"/></item>
  <item id="ExplicitInterfaceImplementation">Explicit Interface Implementations</item>
  <item id="ExplicitInterfaceAltText">Explicit interface implemetation</item>
  
  <!-- boilerplate intro to member list tables -->
  <item id="genericExposedMembersTableText">Обобщенный тип {0} предоставляет следующие члены</item>
  <item id="exposedMembersTableText">Тип {0} предоставляет следующие члены</item>	
  <item id="membersSubgroup">члены</item>
  <item id="MethodsSubgroup">методы</item>
  <item id="PropertiesSubgroup">свойства</item>
  <item id="EventsSubgroup">события</item>
  <item id="FieldsSubgroup">поля</item>
  <item id="OperatorsSubgroup">операторы</item>
  <item id="AttachedPropertiesSubgroup">attached properties</item>
  <item id="AttachedEventsSubgroup">attached events</item>

  <item id="dependencyPropertyInfoHeading">Dependency Property Information</item>
  <item id="routedEventInfoHeading">Routed Event Information</item>
  <item id="mrefTaskMoreCodeHeading">More Code</item>

  <item id="Overloaded">Перегружен. </item>	
  <item id="defaultNamespace">( Default Namespace )</item>
  
  <item id="typeLink">Тип: {0}</item>
  <!-- First line of a param or retval description is a link to the type of the param or retval.
       This boilerplate is used if the type is a type parameter of the member's type. -->
  <item id="typeLinkToTypeParameter"><b>{0}</b> type parameter of {1}.</item>
  
 <!-- Internal only Boilerplate text -->
  <item id="internalOnly">This API supports the .NET Framework infrastructure and is not intended to be used directly from your code.</item>
  <item id="infraStructure">Infrastructure. </item>
  
  
  <!-- Variance boilerplate text -->
  <item id="inKeyword"><span class="languageSpecificText"><span class="cs"><span class="keyword">in</span> </span><span class="vb"><span class="keyword">In</span> </span><span class="cpp"><span class="keyword">in</span> </span><span class="nu"><span class="keyword">in</span> </span><span class="fs"></span></span></item>
  <item id="outKeyword"><span class="languageSpecificText"><span class="cs"><span class="keyword">out</span> </span><span class="vb"><span class="keyword">Out</span> </span><span class="cpp"><span class="keyword">out</span> </span><span class="nu"><span class="keyword">out</span> </span><span class="fs"></span></span></item>
  
  <item id="covariant">This type parameter is covariant. That is, you can use either the type you specified or any type that is more derived. </item>
  <item id="contravariant">This type parameter is contravariant. That is, you can use either the type you specified or any type that is less derived. </item>
  <item id="variance">For more information about covariance and contravariance, see <conceptualLink target="2678dc63-c7f9-4590-9ddc-0a4df684d42e" />.</item>
  
  <!-- Non Cls Compliant boilerplate text-->
  <item id="NotClsCompliant">This API is not CLS-compliant.</item>
  <item id="AltClsCompliant">The CLS-compliant alternative is {0}.</item>
  
  <!-- Security Critical Boilerplate text-->
  <item id="typeSecurityCriticalBoilerplate">This type has a SecurityCriticalAttribute attribute, which restricts it to internal use by the .NET Framework for Silverlight class library. Application code that uses any member of this type throws a MethodAccessException.</item>
  <item id="memberSecurityCriticalBoilerplate">This member has a SecurityCriticalAttribute attribute, which restricts it to internal use by the .NET Framework for Silverlight class library. Application code that uses this member throws a MethodAccessException.</item>
  <item id="securityCritical">[SECURITY CRITICAL] </item>
  
  <!-- Overload page boilerplate -->
  <item id="overloadSummary">This member is overloaded. For complete information about this member, including syntax, usage, and examples, click a name in the overload list.</item>
       
  <!-- platform names that appear in the Platforms section on mref type and member pages 
       The id values must be in sync with the platform/@name values used in the manifold  platformFilters.xml filter files.
       These values are also used in <platformNotes>
  -->
  <item id="Win98">Windows 98</item>
  <item id="WinME">Windows Millennium Edition</item>
  <item id="WinSvr2000">Windows Server 2000 SP4</item>
  <item id="WinXPPro64">Windows XP Professional x64 Edition</item>
  <item id="WinXP">Windows XP SP3</item>
  <item id="WindowsCE">Windows CE</item>
  <item id="PocketPC">Windows Mobile for Pocket PC</item>
  <item id="SmartPhone">Windows Mobile for Smartphone</item>
  <item id="WinSvr2003">Windows Server 2003</item>
  <item id="WinSvr2008">Windows Server 2008</item>
  <item id="WinSvr2008R2">Windows Server 2008 R2</item>
  <item id="WinXpMediaCenter">Windows XP Media Center Edition</item>
  <item id="WinXPSE">Windows XP Starter Edition</item>
  <item id="WinVista">Windows Vista</item>
  <item id="Win7">Windows 7</item>
  <item id="Xbox360">Xbox 360</item>
  <item id="Zune">Zune</item>
  
  <!-- Platforms boilerplate for Silverlight mref builds --> 
  <item id="silverlightplatforms">
    For information on the operating systems and browsers supported by <include item="silverlight"/>, see "Supported Operating Systems and Browsers" in <conceptualLink target="d1c41046-1eef-4a73-8049-5c9f0487f7fc"/>.
  </item>

  <!-- framework ids:  
       These shared content item strings are used for the headings in the Version Information section 
       These ids must be in sync with the ids used in the config file for VersionBuilder.
  -->
  <item id="netfw">.NET Framework</item>
  <item id="netcfw">.NET Compact Framework</item>
  <item id="xnafw">XNA Framework</item>
  <item id="silverlight">Silverlight</item>
  <item id="silverlight_mobile">Silverlight for Windows Phone</item>
  
  <!-- framework version ids
       These shared content item strings are used in the Version Information section.
       These ids must be in sync with the ids used in the config file for VersionBuilder.
       The ids are also used in the platformFilters.xml filter files to indicate the framework version supported by each platform
  -->
  <item id="netfw40">4.0</item>
  <item id="netfw35_1">3.5 SP1</item>
  <item id="netfw35">3.5</item>
  <item id="netfw30_1">3.0 SP1</item>
  <item id="netfw30">3.0</item>
  <item id="netfw20_1">2.0 SP1</item>
  <item id="netfw20">2.0</item>
  <item id="netfw11">1.1</item>
  <item id="netfw10">1.0</item>

  <item id="netcfw37">3.7</item>
  <item id="netcfw35">3.5</item>
  <item id="netcfw20">2.0</item>
  <item id="netcfw10">1.0</item>

  <item id="xnafw10">1.0</item>

  <!-- silverlight version ids used in Version Information section. -->
  <item id="silverlight10">1.0</item>
  <item id="silverlight20">2.0</item>
  <item id="silverlight_v3">3.0</item>
  <item id="silverlight_v4">4.0</item>
  
  <item id="silverlight_mobile_v1">Windows Phone OS 7.0</item>
  
  

  <!-- Used in the Requirements section to display an xmlns URI for apis that can be used in XAML -->
  <item id="xamlXmlnsRequirementsLayout"><b>XMLNS for XAML:</b> {0}</item>
  <item id="unmappedXamlXmlns">Not mapped to an xmlns.</item>

  <item id="secondaryFrameworkOverride"><br/><br/>In <include item="{0}"/>, this member is overridden by {1}.</item>
  <item id="secondaryFrameworkInherited"><br/><br/>In <include item="{0}"/>&#160;<include item="{1}"/>, this member is inherited from {2}<span class="languageSpecificText"><span class="cs">.</span><span class="vb">.</span><span class="cpp">::</span><span class="nu">.</span><span class="fs">.</span></span>{3}.</item>
  <item id="secondaryFrameworkMember"><br/><br/>In <include item="{0}"/>&#160;<include item="{1}"/>, this member is {2}.</item>
  
  <item id="useBaseSummary">This member overrides {0}.</item>
  <item id="useBaseSee">См. {0}.</item>
  <item id="useBaseBoilerplate">This member overrides {0}, and more complete documentation might be available in that topic.</item>

  <item id="flagsSummary">This enumeration has a {0} attribute that allows a bitwise combination of its member values.</item>
</content>
